cell_name,D_productive,D_unproductive,G_productive,G_unproductive,clonal_group,group_size
20957_2#126,TRDV3_GCCTTGGCTTCTTCCCCTATACTGGGGGATACGGCCGTGAGTCCCGAT_TRDJ1,TRDV1_GAACTGGGGTTCCTAACGGGGGATACAAAGAGGGTACACC_TRDJ1,,TRGV3_CTGGGCCGGAATT_TRGJ2,0.0,79.0
20957_2#128,,TRDV1_GAACTGGGGTTCCTAACGGGGGATACAAAGAGGGTACACC_TRDJ1,TRGV5_GGGACGGAACCCTTTATT_TRGJ1,,0.0,79.0
20957_2#138,TRDV3_GCCTTGGCTTCTTCCCCTATACTGGGGGATACGGCCGTGAGTCCCGAT_TRDJ1,TRDV1_GAACTGGGGTTCCTAACGGGGGATACAAAGAGGGTACACC_TRDJ1,TRGV5_GGGACGGAACCCTTTATT_TRGJ1,TRGV3_CTGGGCCGGAATT_TRGJ2,0.0,79.0
20957_2#140,TRDV2_GACACGGGCTGGGGGAGCTCCT_TRDJ3,,,,,
20957_2#172,TRDV1_TGGGGTCTTAGGGGGATACGGGGGTTCTACCGA_TRDJ1,,TRGV5_ACGGGAGGAAAC_TRGJ1,,0.0,79.0
20957_2#174,TRDV3_GCCTTGGCTTCTTCCCCTATACTGGGGGATACGGCCGTGAGTCCCGAT_TRDJ1,TRDV1_GAACTGGGGTTCCTAACGGGGGATACAAAGAGGGTACACC_TRDJ1,,TRGV3_CTGGGCCGGAATT_TRGJ2,0.0,79.0
20957_2#178,TRDV3_GCCTTGGCTTCTTCCCCTATACTGGGGGATACGGCCGTGAGTCCCGAT_TRDJ1,,TRGV5_GGGACGGAACCCTTTATT_TRGJ1,,0.0,79.0
20957_2#180,,TRDV1_GAACTGGGGTTCCTAACGGGGGATACAAAGAGGGTACACC_TRDJ1,TRGV5_GGGACGGAACCCTTTATT_TRGJ1,TRGV3_CTGGGCCGGAATT_TRGJ2,0.0,79.0
20957_2#182,TRDV3_GCCTTGGCTTCTTCCCCTATACTGGGGGATACGGCCGTGAGTCCCGAT_TRDJ1,,,TRGV3_CTGGGCCGGAATT_TRGJ2,0.0,79.0
20957_2#184,,TRDV1_GAACTGGGGTTCCTAACGGGGGATACAAAGAGGGTACACC_TRDJ1,,TRGV3_CTGGGCCGGAATT_TRGJ2,0.0,79.0
20957_2#186,,,TRGV5_GGGACGGAACCCTTTATT_TRGJ1,,0.0,79.0
20957_2#190,TRDV3_GCCTTGGCTTCTTCCCCTATACTGGGGGATACGGCCGTGAGTCCCGAT_TRDJ1,,,TRGV5_CTGGGCCGGAATT_TRGJ2,0.0,79.0
20957_2#218,TRDV1_TGGGGTCTTAGGGGGATACGGGGGTTCTACCGA_TRDJ1,,TRGV5_ACGGGAGGAAAC_TRGJ1,,0.0,79.0
20957_2#228,TRDV1_TGGGGTCTTAGGGGGATACGGGGGTTCTACCGA_TRDJ1,,TRGV5_ACGGGAGGAAAC_TRGJ1,,0.0,79.0
20957_2#230,TRDV2_ACACCTTACTGGGGGATACGGGAACAGC_TRDJ2,,,TRGV10_TGGGACCCAAGATAAAATACC_TRGJP1,,
20957_2#268,TRDV3_GCCTTGGCTTCTTCCCCTATACTGGGGGATACGGCCGTGAGTCCCGAT_TRDJ1,TRDV1_GAACTGGGGTTCCTAACGGGGGATACAAAGAGGGTACACC_TRDJ1,TRGV5_GGGACGGAACCCTTTATT_TRGJ1,,0.0,79.0
20957_2#270,TRDV3_GCCTTGGCTTCTTCCCCTATACTGGGGGATACGGCCGTGAGTCCCGAT_TRDJ1,TRDV1_GAACTGGGGTTCCTAACGGGGGATACAAAGAGGGTACACC_TRDJ1,,,0.0,79.0
20957_2#278,TRDV1_TGGGGTCTTAGGGGGATACGGGGGTTCTACCGA_TRDJ1,,,,0.0,79.0
20957_2#284,TRDV3_GCCTTGGCTTCTTCCCCTATACTGGGGGATACGGCCGTGAGTCCCGAT_TRDJ1,,,TRGV3_CTGGGCCGGAATT_TRGJ2,0.0,79.0
20957_2#320,TRDV1_GAACTAGGCCAAGACTGGGGGATACTGTACACC_TRDJ1,,TRGV4_TGGGAGGCCCACTTGAAGAAGAA_TRGJ1,,,
20957_2#322,,,TRGV2_GACGGTAAGA_TRGJ1,,0.0,79.0
20957_2#324,TRDV3_CCTTTGGACTTTCTGGGGGATTGCCGTATAAA_TRDJ1,,TRGV5_ACAGGCTCATGTATTA_TRGJ1,,,
20957_2#326,TRDV1_GAACTAAAGGCAATCCCGGGG(A)CCGAT_TRDJ1,,TRGV5_ACAGGCTTGGACCTTATA_TRGJ1,,,
20957_2#330,TRDV3_GCCTTGGCTTCTTCCCCTATACTGGGGGATACGGCCGTGAGTCCCGAT_TRDJ1,TRDV1_GAACTGGGGTTCCTAACGGGGGATACAAAGAGGGTACACC_TRDJ1,TRGV5_GGGACGGAACCCTTTATT_TRGJ1,,0.0,79.0
20957_2#332,TRAV29_DV5_GCAGCCGGACATCTTCCTACCATACTGGGGGGGGCTTTG_TRDJ2,,TRGV9_AGGTGTGGAATT_TRGJ2,,1.0,2.0
20957_2#334,TRDV2_GTGACCTCCTACTATTGGGGGATGTGTCAGGAACCGA_TRDJ1,TRDV3_CCTTTCCTACTAGGGGATAGCACGATA_TRDJ1,TRGV9_AGGTGAAAGAG_TRGJP,,,
20957_2#34,TRDV1_TGGGGTCTTAGGGGGATACGGGGGTTCTACCGA_TRDJ1,,TRGV5_ACGGGAGGAAAC_TRGJ1,,0.0,79.0
20957_2#40,TRDV3_GCCTTGGCTTCTTCCCCTATACTGGGGGATACGGCCGTGAGTCCCGAT_TRDJ1,,TRGV3_GGGACGGAACCCTTTATT_TRGJ1,TRGV3_CTGGGCCGGAATT_TRGJ2,0.0,79.0
20957_2#78,TRDV1_TGGGGTCTTAGGGGGATACGGGGGTTCTACCGA_TRDJ1,,TRGV5_ACGGGAGGAAAC_TRGJ1,,0.0,79.0
20957_2#80,,TRDV1_GAACTGGGGTTCCTAACGGGGGATACAAAGAGGGTACACC_TRDJ1,,,0.0,79.0
20957_2#82,,,TRGV5_ACGGGAGGAAAC_TRGJ1,,0.0,79.0
20957_2#84,,,TRGV5_ACGGGAGGAAAC_TRGJ1,,0.0,79.0
20957_2#86,TRAV29_DV5_AAGCGTTCCTATACCTTCCCACTTGGGG(GATA)AACTC_TRDJ1,,TRGV3_ACAGGCGAAAGGGTTATT_TRGJ1,,,
20957_2#88,,,TRGV2_GACGGTAAGA_TRGJ1,,0.0,79.0
20957_2#90,TRAV29_DV5_GCAGCCGGACATCTTCCTACCATACTGGGGGGGGCTTTG_TRDJ2,,,TRGV10_TGGGACCGCTCGCTGGGATTATTAT_TRGJ2,1.0,2.0
20957_2#92,,TRDV1_GAACTGGGGTTCCTAACGGGGGATACAAAGAGGGTACACC_TRDJ1,,,0.0,79.0
20957_4#121,TRDV3_GCCTTGGCTTCTTCCCCTATACTGGGGGATACGGCCGTGAGTCCCGAT_TRDJ1,TRDV1_GAACTGGGGTTCCTAACGGGGGATACAAAGAGGGTACACC_TRDJ1,,TRGV3_CTGGGCCGGAATT_TRGJ2,0.0,79.0
20957_4#127,TRDV1_TGGGGTCTTAGGGGGATACGGGGGTTCTACCGA_TRDJ1,,TRGV5_ACGGGAGGAAAC_TRGJ1,,0.0,79.0
20957_4#129,,,TRGV5_GGGACGGAACCCTTTATT_TRGJ1,,0.0,79.0
20957_4#131,,,TRGV5_ACGGGAGGAAAC_TRGJ1,,0.0,79.0
20957_4#133,,,TRGV5_GGGACGGAACCCTTTATT_TRGJ1,,0.0,79.0
20957_4#135,TRDV1_TGGGGTCTTAGGGGGATACGGGGGTTCTACCGA_TRDJ1,,TRGV5_ACGGGAGGAAAC_TRGJ1,,0.0,79.0
20957_4#139,,,TRGV5_ACGGGAGGAAAC_TRGJ1,,0.0,79.0
20957_4#141,,,TRGV2_GACGGTAAGA_TRGJ1,,0.0,79.0
20957_4#169,TRDV3_GCCTTGGCTTCTTCCCCTATACTGGGGGATACGGCCGTGAGTCCCGAT_TRDJ1,,TRGV5_GGGACGGAACCCTTTATT_TRGJ1,TRGV3_CTGGGCCGGAATT_TRGJ2,0.0,79.0
20957_4#171,,,TRGV2_GACGGTAAGA_TRGJ1,,0.0,79.0
20957_4#173,TRDV3_GCCTTGGCTTCTTCCCCTATACTGGGGGATACGGCCGTGAGTCCCGAT_TRDJ1,TRDV1_GAACTGGGGTTCCTAACGGGGGATACAAAGAGGGTACACC_TRDJ1,TRGV5_GGGACGGAACCCTTTATT_TRGJ1,,0.0,79.0
20957_4#181,TRDV3_GCCTTGGCTTCTTCCCCTATACTGGGGGATACGGCCGTGAGTCCCGAT_TRDJ1,,,TRGV3_CTGGGCCGGAATT_TRGJ2,0.0,79.0
20957_4#183,TRDV3_GCCTTGGCTTCTTCCCCTATACTGGGGGATACGGCCGTGAGTCCCGAT_TRDJ1,,TRGV5_GGGACGGAACCCTTTATT_TRGJ1,,0.0,79.0
20957_4#187,,,TRGV3_GGGACGGAACCCTTTATT_TRGJ1,,0.0,79.0
20957_4#217,,,TRGV5_ACGGGAGGAAAC_TRGJ1,,0.0,79.0
20957_4#225,,TRDV1_GAACTGGGGTTCCTAACGGGGGATACAAAGAGGGTACACC_TRDJ1,,,0.0,79.0
20957_4#227,,,TRGV5_GGGACGGAACCCTTTATT_TRGJ1,,0.0,79.0
20957_4#231,TRDV1_TGGGGTCTTAGGGGGATACGGGGGTTCTACCGA_TRDJ1,,TRGV2_GACGGTAAGA_TRGJ1,,0.0,79.0
20957_4#235,TRDV3_GCCTTGGCTTCTTCCCCTATACTGGGGGATACGGCCGTGAGTCCCGAT_TRDJ1,TRDV1_GAACTGGGGTTCCTAACGGGGGATACAAAGAGGGTACACC_TRDJ1,,,0.0,79.0
20957_4#237,TRDV3_GCCTTGGCTTCTTCCCCTATACTGGGGGATACGGCCGTGAGTCCCGAT_TRDJ1,TRDV1_GAACTGGGGTTCCTAACGGGGGATACAAAGAGGGTACACC_TRDJ1,,TRGV3_CTGGGCCGGAATT_TRGJ2,0.0,79.0
20957_4#239,,TRDV1_GAACTGGGGTTCCTAACGGGGGATACAAAGAGGGTACACC_TRDJ1,TRGV5_GGGACGGAACCCTTTATT_TRGJ1,TRGV3_CTGGGCCGGAATT_TRGJ2,0.0,79.0
20957_4#269,TRDV3_GCCTTGGCTTCTTCCCCTATACTGGGGGATACGGCCGTGAGTCCCGAT_TRDJ1,TRDV1_GAACTGGGGTTCCTAACGGGGGATACAAAGAGGGTACACC_TRDJ1,TRGV5_GGGACGGAACCCTTTATT_TRGJ1,TRGV5_CTGGGCCGGAATT_TRGJ2,0.0,79.0
20957_4#275,TRDV1_TGGGGTCTTAGGGGGATACGGGGGTTCTACCGA_TRDJ1,,TRGV5_ACGGGAGGAAAC_TRGJ1,,0.0,79.0
20957_4#277,,,TRGV5_ACGGGAGGAAAC_TRGJ1,,0.0,79.0
20957_4#279,TRDV1_TGGGGTCTTAGGGGGATACGGGGGTTCTACCGA_TRDJ1,,TRGV5_ACGGGAGGAAAC_TRGJ1,,0.0,79.0
20957_4#281,TRDV3_GCCTTGGCTTCTTCCCCTATACTGGGGGATACGGCCGTGAGTCCCGAT_TRDJ1,TRDV1_GAACTGGGGTTCCTAACGGGGGATACAAAGAGGGTACACC_TRDJ1,TRGV5_GGGACGGAACCCTTTATT_TRGJ1,TRGV3_CTGGGCCGGAATT_TRGJ2,0.0,79.0
20957_4#283,,,TRGV5_GGGACGGAACCCTTTATT_TRGJ1,,0.0,79.0
20957_4#287,,,TRGV2_GACGGTAAGA_TRGJ1,,0.0,79.0
20957_4#29,TRDV3_GCCTTGGCTTCTTCCCCTATACTGGGGGATACGGCCGTGAGTCCCGAT_TRDJ1,TRDV1_GAACTGGGGTTCCTAACGGGGGATACAAAGAGGGTACACC_TRDJ1,,,0.0,79.0
20957_4#31,TRDV3_GCCTTGGCTTCTTCCCCTATACTGGGGGATACGGCCGTGAGTCCCGAT_TRDJ1,TRDV1_GAACTGGGGTTCCTAACGGGGGATACAAAGAGGGTACACC_TRDJ1,,,0.0,79.0
20957_4#313,,,TRGV3_GGGACGGAACCCTTTATT_TRGJ1,,0.0,79.0
20957_4#319,TRDV1_TGGGGTCTTAGGGGGATACGGGGGTTCTACCGA_TRDJ1,,TRGV2_GACGGTAAGA_TRGJ1,,0.0,79.0
20957_4#323,TRDV3_GCCTTGGCTTCTTCCCCTATACTGGGGGATACGGCCGTGAGTCCCGAT_TRDJ1,TRDV1_GAACTGGGGTTTCCTAACGGGGGATACAAAGAGGGTACACC_TRDJ1,,TRGV3_CTGGGCCGGAATT_TRGJ2,0.0,79.0
20957_4#325,,,TRGV5_ACGGGAGGAAAC_TRGJ1,,0.0,79.0
20957_4#327,,TRDV1_GAACTGGGGTTCCTAACGGGGGATACAAAGAGGGTACACC_TRDJ1,TRGV5_GGGACGGAACCCTTTATT_TRGJ1,TRGV3_CTGGGCCGGAATT_TRGJ2,0.0,79.0
20957_4#33,TRDV3_GCCTTGGCTTCTTCCCCTATACTGGGGGATACGGCCGTGAGTCCCGAT_TRDJ1,,TRGV5_GGGACGGAACCCTTTATT_TRGJ1,,0.0,79.0
20957_4#331,TRDV3_GCCTTGGCTTCTTCCCCTATACTGGGGGATACGGCCGTGAGTCCCGAT_TRDJ1,TRDV1_GAACTGGGGTTCCTAACGGGGGATACAAAGAGGGTACACC_TRDJ1,,,0.0,79.0
20957_4#361,TRDV3_GCCTTGGCTTCTTCCCCTATACTGGGGGATACGGCCGTGAGTCCCGAT_TRDJ1,,,,0.0,79.0
20957_4#363,TRDV1_TGGGGTCTTAGGGGGATACGGGGGTTCTACCGA_TRDJ1,,TRGV2_GACGGTAAGA_TRGJ1,,0.0,79.0
20957_4#369,TRDV1_GGGGACGGCCTTGTTTTACTGGGGGTCCGCTACACC_TRDJ1,,TRGV4_GACGGTAATAAG_TRGJ1,,,
20957_4#371,,,TRGV9_AGGTGCACGAGTT_TRGJP,TRGV5_CTGGGCCGGAATT_TRGJ2,0.0,79.0
20957_4#373,TRDV2_ACACCGTTCAAGCTGGGGGATACGCAAGGACCGA_TRDJ1,TRDV1_GAACTGGGGTTCCTAACGGGGGATACAAAGAGGGTACACC_TRDJ1,TRGV3_GGGACGGAACCCTTTATT_TRGJ1,,0.0,79.0
20957_4#375,TRDV3_GCCTTGGCTTCTTCCCCTATACTGGGGGATACGGCCGTGAGTCCCGAT_TRDJ1,TRDV1_GAACTGGGGTTCCTAACGGGGGATACAAAGAGGGTACACC_TRDJ1,TRGV5_GGGACGGAACCCTTTATT_TRGJ1,TRGV3_CTGGGCCGGAATT_TRGJ2,0.0,79.0
20957_4#41,TRDV1_TGGGGTCTTAGGGGGATACGGGGGTTCTACCGA_TRDJ1,,,,0.0,79.0
20957_4#43,TRDV1_TGGGGTCTTAGGGGGATACGGGGGTTCTACCGA_TRDJ1,,TRGV5_ACGGGAGGAAAC_TRGJ1,,0.0,79.0
20957_4#45,TRDV2_TGACAACCTGGGGGATACGTACACC_TRDJ1,,,TRGV2_TGGGAGAGAGGAGTAG_TRGJP2,,
20957_4#47,,,TRGV4_ATGGGGCGCCGGGCAGTTATT_TRGJ1,,,
20957_4#73,TRDV1_TGGGGTCTTAGGGGGATACGGGGGTTCTACCGA_TRDJ1,,TRGV5_ACGGGAGGAAAC_TRGJ1,,0.0,79.0
20957_4#75,TRDV1_TGGGGTCTTAGGGGGATACGGGGGTTCTACCGA_TRDJ1,,TRGV2_GACGGTAAGA_TRGJ1,,0.0,79.0
20957_4#79,TRDV3_GCCTTGGCTTCTTCCCCTATACTGGGGGATACGGCCGTGAGTCCCGAT_TRDJ1,,TRGV5_GGGACGGAACCCTTTATT_TRGJ1,,0.0,79.0
20957_4#81,,,TRGV5_GGGACGGAACCCTTTATT_TRGJ1,,0.0,79.0
20957_4#83,,,TRGV2_GACGGTAAGA_TRGJ1,,0.0,79.0
20957_4#85,,,TRGV5_GGGACGGAACCCTTTATT_TRGJ1,TRGV3_CTGGGCCGGAATT_TRGJ2,0.0,79.0
20957_4#89,TRDV3_GCCTTGGCTTCTTCCCCTATACTGGGGGATACGGCCGTGAGTCCCGAT_TRDJ1,,,TRGV3_CTGGGCCGGAATT_TRGJ2,0.0,79.0
20957_4#95,,,,TRGV3_CTGGGCCGGAATT_TRGJ2,0.0,79.0
