cell_name,A_productive,A_unproductive,B_productive,B_unproductive,clonal_group,group_size
20957_3#105,TRAV25_CTGTGTTGCGGATTAT_TRAJ42,,TRBV6-1_CAGCACCGCCGGGACAGGGACCTAC_TRBJ2-7,,,
20957_3#109,TRAV1-1_GTGAGGGGGAACTA_TRAJ26,TRAV27_AGGAGAGGATTTCT_TRAJ4,TRBV6-3_AGTTATTTGGAGGGTTCCTA_TRBJ2-7,TRBV21-1_GCAGCGCGGACAGGGTTCCTA_TRBJ2-7,,
20957_3#11,TRAV1-2_CCCCC(CTTCTG)GTTCT_TRAJ22,,TRBV24-1_ATTTGATAGGGGCGACCTATAACAGCTCCT_TRBJ2-1,,,
20957_3#111,TRAV38-2_DV8_GGTAGGGGGAACAA_TRAJ32,,TRBV2_GTGAATTGGGACAGGGGGTTAACGGGG_TRBJ2-2,TRBV3-2_GCCAA(G)GACAGGGGACCGCAGAT_TRBJ2-3,,
20957_3#113,TRAV21_TGTGACCTCTG_TRAJ28,,TRBV7-2_AGCAGACCTCAACGTGGGGGGATAGGGGG(C)TCTGG_TRBJ1-3,,,
20957_3#115,TRAV17_ACGGAAAATAGAGAGAGGGGAAA_TRAJ52,TRAV36_DV7_TGCTGTGGATCGGATA_TRAJ33,TRBV7-8_GCAGCCAACGCAGGGGGTCAACT_TRBJ1-4,,,
20957_3#117,TRAV24_TGCCTCCCGTGGATCTTC_TRAJ22,TRDV1_TTGGGTCTGGACCCAGG_TRAJ15,TRBV7-2_AGCTTGCAGGTGACCGG_TRBJ2-2,,,
20957_3#119,TRAV13-2_GAGAAACCAGGGGATA_TRAJ33,TRAV17_TACGG(A)ACTGG_TRAJ36,TRBV29-1_GCAGAACAGGGACGCAAT_TRBJ1-5,,,
20957_3#13,TRAV8-6_CTGTG(AATG)CAGGC_TRAJ39,,TRBV6-6_AGCAGCGGACTAGCGGGGGGGCAAGA_TRBJ2-5,,,
20957_3#145,TRAV13-1_AACTAAAATAGG_TRAJ35,TRAV12-1_GAACATACGACA_TRAJ18,TRBV12-4_GTAGCGGCCTCCT_TRBJ2-7,,,
20957_3#149,TRAV8-4_AGTGATTACACC_TRAJ49,,TRBV28_CCAGCGCCATTGGGAGAGGA(GG)CTACA_TRBJ1-2,TRBV28_AGCAGGATTACAGGGTTCGGTAGGACTAT_TRBJ1-2,,
20957_3#15,TRAV8-2_TGTGACCTCCATAAACAAC_TRAJ21,TRAV12-3_TGAGCCCATATACT_TRAJ10,TRBV29-1_CGTTGCCGGTAGCGCCAACCAA_TRBJ2-5,,,
20957_3#151,TRAV24_TGCCTCCACGGATA_TRAJ26,,,,1.0,7.0
20957_3#153,TRAV24_TGCCTCCACGGATA_TRAJ26,,TRBV9_GCAGCCCTAG(C)TCCTA_TRBJ1-6,,1.0,7.0
20957_3#155,TRAV26-1_TCAGACCCCCTTCT_TRAJ22,,TRBV20-1_TGCTACCAGACTAGCGGGGGGGCTAGGAAATGA_TRBJ2-1,,,
20957_3#157,TRAV41_CTGTCGAGACCAG_TRAJ58,,TRBV2_GTGAACTGTTGTTTCGTTACGA_TRBJ2-7,,,
20957_3#159,TRAV27_TGTGCCGCTTACTC_TRAJ28,,TRBV7-9_GCAGCCGAGGGACAGGGCTATATTCAGAT_TRBJ2-3,,,
20957_3#161,TRAV8-2_GAGTGGCGATAAC_TRAJ43,TRAV8-4_AGTGATCAGGGCGGGA_TRAJ10,TRBV6-6_GTTACGGTTGGACAGGGAGTTCTTATTCA_TRBJ1-6,,,
20957_3#163,TRAV26-1_TCAGAATCCCTAAC_TRAJ20,,TRBV7-6_GCTTATGGCTTTGGGGTCCTAGCGGGGGGGAAAGCAC_TRBJ2-3,TRBV7-8_GCTTATACCGGGACTCAACAAT_TRBJ2-1,,
20957_3#165,TRAV39_TGCCGGATATACC_TRAJ44,,TRBV11-2_CAGCTGGTCAGGGCAGTCCGGG_TRBJ2-2,,,
20957_3#167,TRAV29_DV5_AGCAAAAAGGGGTGC_TRAJ32,,,,,
20957_3#17,TRAV8-6_AGTGATCCAAGAGCCGGT_TRAJ49,,TRBV6-1_GTGCC(AGC)GGGGGACTGCGGGGGTCGGAGAC_TRBJ2-5,TRBV5-1_GCTTGAATTTCGGGCTAGCGGGATCTGTACT_TRBJ2-7,,
20957_3#19,TRAV38-2_DV8_TTATACTTCCCGGGGTAC_TRAJ52,,TRBV7-3_TTAACCGCAGGGTGGGGCTA_TRBJ1-2,,,
20957_3#193,TRAV25_CTTCTTCTTTTCAG_TRAJ29,,TRBV2_GTGAA(G)ACTACGCGCCCCCCTAC_TRBJ2-1,,,
20957_3#195,TRAV21_GTGCTGTTTGCTCTGG_TRAJ13,TRAV26-2_GAGACATGGGGTTTCTG_TRAJ22,TRBV18_CAACAAGAGGGGCAGCGAGCTCCT_TRBJ2-7,,,
20957_3#197,TRAV29_DV5_GCAGCGTCTAG_TRAJ37,,TRBV9_CAGCGAAAAAGGGGGGGGGACGACAGA_TRBJ2-3,,,
20957_3#199,TRAV26-2_CATCCACTTT_TRAJ48,,TRBV11-2_CTTAGTCTCAGGGTGGGAGAC_TRBJ2-5,,,
20957_3#205,TRAV19_GTGAGAAGGGCACCG_TRAJ49,,TRBV5-1_AGCTTTCTAGCAGATTCCTA_TRBJ2-7,,,
20957_3#21,,,TRBV5-6_AGCTTACTGGGAACGGGCACTG_TRBJ1-1,,,
20957_3#211,TRAV8-3_GGTGCTTCGGGGGGTCA_TRAJ26,,TRBV11-2_CTTAGGACGGGGAATCTACG_TRBJ2-7,,,
20957_3#213,TRAV12-2_CGTGAGGGGGGGCA_TRAJ5,,TRBV5-1_GCAGCGCTCGGCCGGACAGGGGGCCCAACGAG_TRBJ2-7,,,
20957_3#215,TRAV3_GAGACGGAGGCTC_TRAJ37,TRAV2_TGTGGGACTCACGACA_TRAJ18,TRBV3-1_CAAGAGGTGAGGGGGGCTGAA_TRBJ1-1,,,
20957_3#23,TRAV23_DV6_GCAAGGAGATATG_TRAJ47,,TRBV7-2_GCCTAACGGGGGACGGCCTCGGAGGACCCC_TRBJ1-6,,,
20957_3#241,TRAV8-1_CGTGA(ATG)GAGGA_TRAJ42,,TRBV7-2_GCAGCATTGGGACTAGCGGTCCGTACT_TRBJ2-7,,,
20957_3#243,TRAV35_CTTCTTCTCCGACT_TRAJ20,,TRBV5-1_GCAGCAGGGACAGCTACG_TRBJ2-7,,,
20957_3#245,TRAV24_TGCCTCCACGGATA_TRAJ26,,TRBV9_GCAGCCCTAG(C)TCCTA_TRBJ1-6,,1.0,7.0
20957_3#249,,,TRBV28_GCAGTGAGGGACAGGGGGCAGGCAAT_TRBJ1-5,,,
20957_3#251,TRAV23_DV6_AAGCATGTCGAGCAATG_TRAJ43,TRAV40_CTGGGTAGCCCGCAATAACCGTAACCCAACTC_TRAJ41,TRBV5-1_GCAGCCATGACGCCTAC_TRBJ2-7,,,
20957_3#255,TRAV29_DV5_GCTAGAGGCT_TRAJ35,,TRBV20-1_TGCTAATTACAGGGTCTCTG_TRBJ2-6,,,
20957_3#257,,,TRBV19_CAGTACCCCGGGCAGGGGGGTTCAGAACA_TRBJ1-1,,2.0,2.0
20957_3#259,,,TRBV5-6_GCAGCCCGGGGACAGGGGACAATC_TRBJ1-5,,,
20957_3#261,TRAV27_AGGAGGGGATGGGG_TRAJ36,,TRBV11-1_GCTTAAGCGGGGGGGCCAACAAT_TRBJ2-1,,,
20957_3#263,TRAV12-3_GAGCGGCCCGGGAAG_TRAJ42,,TRBV5-1_GCTTGAGCGCGGACACT_TRBJ1-1,,,
20957_3#289,TRAV21_GTGCTGTCGTTTATG_TRAJ42,TRAV13-1_AAGTATCGGCTGG_TRAJ52,TRBV20-1_AGTGCGTCGACATCAAATACG_TRBJ2-3,,,
20957_3#291,TRAV36_DV7_TGCTGTGGGGAACTT_TRAJ48,TRAV19_TGCTCCCCTAAGA_TRAJ58,TRBV6-6_AGCAGGACCCAGGGGGCTGTAAATGA_TRBJ1-4,,,
20957_3#3,TRAV3_GTGAGTTTCCGTTCTG_TRAJ22,,TRBV20-1_TGCTC(GA)CTAGCGGGAGGTGGGGCCACCTATGAG_TRBJ2-1,,,
20957_3#301,TRAV19_TCTGAAAGATGGTGGAG_TRAJ42,,TRBV6-3_AGCAGCCTCTTTGGAGATA_TRBJ2-3,,,
20957_3#309,TRAV19_TCTGATTTCGCCGAACA_TRAJ49,TRAV38-1_ATGAACCTGGGGGAGTGG_TRAJ53,,,,
20957_3#311,,,TRBV9_GCAGCCCTAG(C)TCCTA_TRBJ1-6,,1.0,7.0
20957_3#347,TRAV35_GTGCTTCCTCGATGATAGGAG_TRAJ10,TRAV9-2_CTCTGTCCTTCTG_TRAJ13,TRBV13_GCTTATCGGGTTGGCGGGGGCCTTCCACAG_TRBJ2-3,,,
20957_3#349,TRAV21_GTGCTGTATATGCT_TRAJ52,,TRBV20-1_TGCCA(GGGA)CAGGGGGCACTACA_TRBJ2-1,,,
20957_3#5,TRAV13-2_GAATAGGGGATATGG_TRAJ26,,TRBV19_TAGTAGGGAGGACAGGGTTCGGTCTGG_TRBJ2-6,,,
20957_3#51,TRAV14_DV4_AGAGACGACGAC_TRAJ20,,TRBV3-1_GCAGCGGACTAGCGGGCAGAGATA_TRBJ2-3,TRBV21-1_CAAAGTAGCGAGCGGGAGGCCGCAGAT_TRBJ2-3,,
20957_3#53,TRAV41_GCTGT(CA)CCGAC_TRAJ34,,TRBV15_CAGAGCAATCTCAACT_TRBJ1-4,,,
20957_3#55,TRAV13-2_AGAATGCTCTAACCGA_TRAJ34,,TRBV6-1_CAGCATCCCTGTCAGCTCTG_TRBJ1-3,,,
20957_3#59,TRAV13-1_AGCAACTGTGAAAC_TRAJ8,TRAV4_TGACATAGGGAGAGCAA_TRAJ33,TRBV7-2_TTAGCCGGACAAGGGCAGTACGA_TRBJ2-7,,,
20957_3#61,TRAV9-2_CTGAGGTCCACCG_TRAJ49,,,,,
20957_3#67,TRAV13-2_GAATATAATGGGCACAG_TRAJ8,,TRBV5-1_CAGCAATAAGGGACAGAGTAATG_TRBJ1-4,,,
20957_3#69,,,TRBV7-2_CTTAGAAGGGACTAGCGGGAGATTCTACA_TRBJ2-1,,3.0,2.0
20957_3#7,TRAV24_TGCCTCCACGGATA_TRAJ26,,TRBV9_GCAGCCCTAG(C)TCCTA_TRBJ1-6,,1.0,7.0
20957_3#97,TRAV26-1_TCGTCCATAAC_TRAJ26,,TRBV4-3_AGCCA(AG)GGGGTGAAG_TRBJ1-1,,,
20957_3#99,TRAV19_AGTGAAAATT_TRAJ41,TRAV8-3_GGGTGAAGTGGAGTTATG_TRAJ42,TRBV15_AGAGAGAGAGGGACCATCACAG_TRBJ2-3,,,
20957_4#10,,,TRBV6-5_GCAGTCCAGGACAGGGGCGCTAC_TRBJ1-2,,,
20957_4#100,TRAV8-2_AGTGAAAGTTCAG_TRAJ29,,TRBV5-1_AGCTTACAGGTGAAC_TRBJ1-1,,,
20957_4#104,TRAV12-1_GAACATGGCCTCA_TRAJ40,TRAV3_TGAGACTTCTTATA_TRAJ23,,,,
20957_4#108,TRAV29_DV5_AAGCGGGGAACAGGG_TRAJ57,TRAV12-3_ACCTCGGAAAC_TRAJ58,,,,
20957_4#110,TRAV12-3_GAGCGCGATTATAGGGAACAC_TRAJ34,,TRBV20-1_GCAGTTCCACGCCAAGCTCCT_TRBJ2-7,,,
20957_4#112,TRAV8-4_GTGAGATCCTCTGGG_TRAJ36,TRAV12-3_CAATGGACTGCCGCGGGGGATA_TRAJ33,TRBV7-9_CTTAGACCGGAGGCTTGGAA_TRBJ1-3,,,
20957_4#114,,,TRBV18_CCACCGATAAGGGGTCGCACCTAC_TRBJ2-1,,0.0,2.0
20957_4#116,,,TRBV9_GCAGCCCTAG(C)TCCTA_TRBJ1-6,,1.0,7.0
20957_4#118,TRAV9-2_AGTGATCGGGGCAATA_TRAJ43,TRAV13-1_AGCGA(G)ATAGC_TRAJ33,TRBV7-3_GCTTACAGCGGGGGGGGAACA_TRBJ2-2,,,
20957_4#12,TRAV8-3_TGGGTTTAGGATCTA_TRAJ48,,TRBV18_CCACCGATAAGGGGTCGCACCTAC_TRBJ2-1,,0.0,2.0
20957_4#120,TRAV12-2_GTGCCCCTAAGACCGGAGG_TRAJ53,,,,,
20957_4#14,TRAV12-2_TGAACGTGGAA_TRAJ47,,TRBV11-3_GCAGCCCCGAAGGCAGGGGCGGG(A)ACTAT_TRBJ1-2,,,
20957_4#148,TRAV8-6_TGAGTCCTTTGTCCGGCAA_TRAJ37,,TRBV28_CCAGCGGCAAAGGAGGGATCTCTG_TRBJ1-3,,,
20957_4#150,TRAV8-4_GTGCTTCCTCCGATGGT_TRAJ32,TRAV10_GAGCGCAGGGTGGAT_TRAJ12,TRBV7-9_CTTAGGACTGGTCGGGGGCTACA_TRBJ2-1,,,
20957_4#154,TRAV34_GAGCACCAGCACTCTCCTCA_TRAJ40,,TRBV7-2_GCAGCCCGTGGCCTAGATCTAGCAC_TRBJ2-3,,,
20957_4#156,TRAV29_DV5_AAGCGCGCTATATTCTGGA_TRAJ56,,TRBV12-4_TTTAGGTGTGACAGGGGCATCTACGAGGCAGT_TRBJ2-7,,,
20957_4#158,TRAV29_DV5_AGCAACCCTTTCAG_TRAJ29,,TRBV20-1_AGTGCCGTGACAGGGGGCGATGGC_TRBJ1-2,,,
20957_4#162,TRAV35_GTGCTGCTCTATATG_TRAJ47,,,,,
20957_4#164,TRAV38-1_ATGAAATATGGAG_TRAJ56,,TRBV3-1_GCAGCGCCGGGAGGCGAGAGCA_TRBJ2-1,,,
20957_4#166,,TRAV26-1_GTCAGCCAATTC_TRAJ54,TRBV6-1_AGTGAGGGACTCACCACAG_TRBJ2-3,,,
20957_4#168,TRAV29_DV5_AAGCGTAACTCAGG_TRAJ54,,TRBV6-6_AGCAGACACGGGGTGGGCAGGGGGAATAAT_TRBJ1-6,,,
20957_4#18,TRAV12-2_TGAACCGAGGAGG_TRAJ53,,TRBV19_CAGTACCGACAGTTGGACTGA_TRBJ1-1,,,
20957_4#194,TRAV26-2_TGAGACCCCGAGGTGCAGGA_TRAJ45,,TRBV7-9_GCAGCAATCGCACCCCCGGGACAGCCCAAACCCGTGAAA_TRBJ1-4,,,
20957_4#196,TRAV22_GCTGTTGGATCTA_TRAJ48,,TRBV7-2_CTTAGTGTCGTCTGGCGGCGGCCAAAATACG_TRBJ2-3,TRBV27_GCCAGGAACAGCGTCTCTCTG_TRBJ1-3,,
20957_4#198,TRAV8-3_GGGTGTTAGGGGAAA_TRAJ29,,TRBV12-4_GCAGTCCCGGAGGGAAGACC_TRBJ2-5,,,
20957_4#20,TRAV17_TACGGTTCCTACTAC_TRAJ40,,TRBV28_AGCAGACCCGGGACGATCAATG_TRBJ2-1,,,
20957_4#200,,,TRBV9_CAGCACCAGAGGGGCAGTCGCCTCCCCTTACTACG_TRBJ2-7,,,
20957_4#202,,,TRBV19_CAGTACCCCGGGCAGGGGGGTTCAGAACA_TRBJ1-1,,2.0,2.0
20957_4#204,TRAV23_DV6_GTGCACCCTCTAACA_TRAJ27,TRAV10_GAGCGGTGGGACAA_TRAJ50,,,,
20957_4#206,TRAV12-2_TGAACCCGTTTTCGTCGGGCAC_TRAJ44,TRAV24_CCCTTGCCAGGA_TRAJ45,TRBV5-1_CTTGGGGACAGGTCTTTACGGGACTAG(C)TCCTA_TRBJ2-1,TRBV21-1_GCAGCCGGCGGATCCTACCTAC_TRBJ2-7,,
20957_4#208,,,TRBV7-2_CTTAGAAGGGACTAGCGGGAGATTCTACA_TRBJ2-1,,3.0,2.0
20957_4#210,TRAV39_CGTGGTCCTTCTGGCAGG_TRAJ27,,TRBV6-6_GCAGCCCCCCCATGAAC_TRBJ1-1,,,
20957_4#212,TRAV6_CTCTAAAATTTTAT_TRAJ23,,TRBV7-6_TTAGCAGGCGAAGTTGTCTCCT_TRBJ2-7,,,
20957_4#214,TRAV29_DV5_GCAGCCGCTGAATCAGG_TRAJ45,,TRBV7-9_CAGCTATGAACTCGTCACAG_TRBJ2-3,TRBV9_CGTAGTTTGGCCACAACTA_TRBJ1-2,,
20957_4#22,TRAV13-1_CAAGTGGGTATT_TRAJ45,,TRBV20-1_CTAGAGATGGCCGGGGTTCCCCCTAC_TRBJ2-7,,,
20957_4#24,TRAV21_GTGCTGTCGAGGCGATAG_TRAJ35,,TRBV12-3_GCAGTAGCGGACAGGGGGCGTTGGTTGGCGGGG_TRBJ2-2,TRBV21-1_CAAAGTGTCGAGGTAGTTCGCCACTG_TRBJ1-1,,
20957_4#244,TRAV36_DV7_TGCTGTTAAAACTC_TRAJ57,TRAV36_DV7_TGTGCCTCAGGGGAG_TRAJ54,TRBV20-1_GCGAGCATCGGTAGCGTGGCAGAT_TRBJ2-3,,,
20957_4#246,,,TRBV9_CAGCGGGGGGGGACTAGCGGGAGTAGAGCA_TRBJ2-1,,,
20957_4#248,TRAV27_TCTGTATGGGTAA_TRAJ49,,TRBV7-2_AGCTTCCGAGCGGGACGCACA_TRBJ2-3,,,
20957_4#250,TRAV14_DV4_GAGAGTTGACCCAGG_TRAJ15,,TRBV4-3_CCAAGGGATAGCGGGGGGATACCAA_TRBJ2-5,TRBV19_GCCAGCGTTCCGGGACTCCTCAAGA_TRBJ2-5,,
20957_4#252,TRAV12-2_GTGAAGGAGGGCTC_TRAJ37,,TRBV7-3_GCGTATCGCGACAGGGGCCCCCATCCTA_TRBJ2-1,TRBV7-3_CAGCTCCCCCGAGGGCGGGCCCCATAGTGTACGA_TRBJ2-7,,
20957_4#254,TRAV8-4_AGTGATTCTCCAGGA_TRAJ29,TRAV9-2_GAGTGTCAGCCCGAGGGTTTT_TRAJ4,TRBV28_GCCAG(CAG)GGGATCCGGG_TRBJ2-2,,,
20957_4#256,TRAV21_GTGCTCCATTTAACG_TRAJ20,TRAV8-4_TGTGAAAATGGGG_TRAJ13,TRBV6-4_CAGTGCTTTTAGCAC_TRBJ2-3,,,
20957_4#258,,,TRBV9_GCAGCCCTAG(C)TCCTA_TRBJ1-6,,1.0,7.0
20957_4#262,TRAV25_GTGCATCCCCGCCTGAGTTAGGAG_TRAJ6,,TRBV6-6_GTGCC(AGC)GGGGATGGGCAGAATTCTCAGC_TRBJ1-5,,,
20957_4#264,TRAV13-1_CAAGT(A)ATAAC_TRAJ31,,TRBV27_CAGTTCCTTAACCACAGGGTACTGGTCACC_TRBJ1-6,,,
20957_4#292,TRAV27_AGGAGCATCGAACA_TRAJ8,,,,,
20957_4#296,TRAV29_DV5_AAGCGTAGAAA_TRAJ58,,TRBV19_CAGTATCCCTTGGGCCACAGGGCGCTCTAAC_TRBJ1-2,,,
20957_4#298,TRAV17_GGACGCACAGGATA_TRAJ33,,TRBV11-2_CAGCT(TAG)CGGGGAACCGCTACG_TRBJ2-7,,,
20957_4#300,TRAV22_GTGGATTCTCAG_TRAJ57,,TRBV12-3_TTGGCGACAGGG(G)AAGCT_TRBJ1-1,,,
20957_4#302,TRAV20_TGCAGACCGCTACCGG_TRAJ49,TRAV26-1_AGTCGGTTGATCTTA_TRAJ34,TRBV5-4_AGCTT(GG)GACTAGTCCAAG_TRBJ2-5,,,
20957_4#304,,,TRBV7-2_CGTAGTTGACAGGCCCCAAGCT_TRBJ1-1,,,
20957_4#306,,,TRBV5-8_GCAGCCTACTAGCGGGAGGGCTCGATGAG_TRBJ2-1,,,
20957_4#308,TRAV8-6_GCTGTCAAGAATGC_TRAJ52,TRAV21_TGTGCCGTCCACCG_TRAJ49,TRBV7-9_GCTTAATGGAAGGG(ACT)GAAGC_TRBJ1-1,,,
20957_4#310,,,TRBV4-2_CCAAGCAACCGGACTAGCGGGGGAAACCGG_TRBJ2-2,,,
20957_4#346,TRAV10_TGAGCCCCTATGGGG_TRAJ28,,TRBV5-4_GCTTGCCGGGACAAGGAAA_TRBJ1-3,,,
20957_4#348,TRAV39_GGACAGAGGTCAGG_TRAJ54,,TRBV6-6_GTTACCTTGGGCCCCTCAACTTC_TRBJ2-5,,,
20957_4#352,,,TRBV18_GCTCATCCGACAGGGTCGCTTGGGAGCA_TRBJ2-7,,,
20957_4#4,TRAV20_GCAGGCCGGTAACA_TRAJ31,TRAV12-1_GTGAATCTAAGGACATGGAT_TRAJ33,TRBV9_GCAGCTCAACCCCAGGGAGCGGTCAGC_TRBJ1-5,,,
20957_4#50,TRAV8-6_GCTGTTTCGGGGT_TRAJ3,TRAV4_GCCTCCCTTTTCTGG_TRAJ28,TRBV7-9_CAGCTCCAGATCGGGACAGGGAAGGGGCACTG_TRBJ1-1,,,
20957_4#52,TRAV35_GGCAGCTCTCGGGTAG_TRAJ53,TRAV26-1_GTCAGTCGACCACCG_TRAJ49,TRBV6-3_GCAGTCGAGAAGGGGG(C)AATGA_TRBJ2-1,,,
20957_4#54,TRAV19_GAGTGCGAAGTACA_TRAJ3,,TRBV11-1_GCAGCCTTGGGAGGGGTCAGC_TRBJ1-5,,,
20957_4#60,TRAV13-1_CAGCAGGCTTCAACC_TRAJ15,,TRBV12-3_GCAGTCGACAGGGACAAGA_TRBJ2-5,TRBV3-2_CCAAGTCGGGGCGGAGTAGACCGAAC_TRBJ2-2,,
20957_4#62,TRAV20_GCAGGAGTGGAAAGAA_TRAJ58,,TRBV5-1_AGCTTATGGACAGGATCCTA_TRBJ2-7,,,
20957_4#64,TRAV17_TACGGGCTCCTTTTACGGGGGCG_TRAJ57,,TRBV6-3_AGCAGCCGACAGGGGCCAGAT_TRBJ2-3,,,
20957_4#66,TRAV38-2_DV8_AGGAGTCCATAC_TRAJ28,TRAV41_TCTACGGGAAAC_TRAJ58,TRBV20-1_AGTGCGCAAGAAGGGGCTAGCGGGAGGGCCCGGGCAGAT_TRBJ2-3,,,
20957_4#68,TRAV1-1_AGAGACCCCCATTCA_TRAJ11,,TRBV11-3_GCAGAGGGACTGAACCAA_TRBJ2-5,TRBV6-1_AGTGATCGAACCAA_TRBJ2-5,,
20957_4#70,TRAV29_DV5_CAGCAGGAAGGAGGGACTTC_TRAJ21,,TRBV9_CAGCGATACTAGCGGGAGGACTCAAGA_TRBJ2-5,,,
20957_4#72,TRAV9-2_CTGAGAAGCTCAGCAGGTTC_TRAJ22,,TRBV20-1_GCAGTACCCGAGGGGGGACTGA_TRBJ1-1,,,
20957_4#8,TRAV26-1_AGTCGAGGGGGACAT_TRAJ43,,TRBV15_CCAGCAGGGGACTAGCCCAAG_TRBJ2-5,,,
